core_id,contain_executor_ids,utilization
0,[0],0.9358333333333333
1,[1],0.9033333333333333
2,[2],0.9976
3,[3, 99999],1.0819999999999999