core_id,contain_executor_ids,utilization
0,[0],1.2125
1,[1],1.0602666666666665
2,[2],1.016
3,[3],0.6300000000000001