core_id,contain_executor_ids,utilization
0,17,0.9358333333333333
1,16,0.9033333333333333
2,15,0.9976
3,14-13,1.0819999999999999