executor_id,contain_callback_ids,priority,utilization,assigned_core_id
0,,0,0,None
1,,1,0,None
2,,2,0,None
3,,3,0,None
4,,4,0,None
5,,5,0,None
6,,6,0,None
7,,7,0,None
8,,8,0,None
9,,9,0,None
10,,10,0,None
11,,11,0,None
12,,12,0,None
13,1,13,0.20125,3
14,0-2-3-4-5-6-7-8,14,0.8807499999999999,3
15,9-10-11-12-13-14-15-16-17-18,15,0.9976,2
16,19-20-21-22-23,16,0.9033333333333333,1
17,24-25-26-27-28-29-30,17,0.9358333333333333,0